-- Restore script for user d71d3978-1a6b-483e-a453-30952df2dfcd
BEGIN;

-- Ensure referenced auth users exist before inserting profile stubs.
-- Needed because public.profiles.id has FK to auth.users.id.
INSERT INTO auth.users (
	instance_id,
	id,
	aud,
	role,
	email,
	encrypted_password,
	email_confirmed_at,
	created_at,
	updated_at,
	raw_app_meta_data,
	raw_user_meta_data,
	is_sso_user,
	is_anonymous
)
SELECT
	'00000000-0000-0000-0000-000000000000'::uuid,
	u.id,
	'authenticated',
	'authenticated',
	'recovered+' || replace(u.id::text, '-', '') || '@placeholder.local',
	crypt('Temp#ChangeMe123', gen_salt('bf')),
	now(),
	now(),
	now(),
	jsonb_build_object('provider', 'email', 'providers', jsonb_build_array('email')),
	'{}'::jsonb,
	false,
	false
FROM (
	SELECT unnest(ARRAY[
		'd71d3978-1a6b-483e-a453-30952df2dfcd',
		'db48a526-9418-4ffb-b539-ac59d9ca4adf',
		'888578f3-5d1e-442f-b82f-16df7de70965',
		'e4bd2c67-5f6e-43eb-889a-599b52ca0a10',
		'c2ba59e6-f5c4-41c9-94e4-d571a203b86e',
		'3c1dd886-6662-4c1a-81db-924aa9c4d713',
		'c41f1c7c-e1ad-417f-b33a-ae5474f26989',
		'8edae7a0-27b7-4014-a382-ace2a4a493a0',
		'73d3f99e-6a4e-46ec-bf29-7b689b8b02c2',
		'bf58a71e-e838-48fd-8019-242420d2783c',
		'34742663-4fc6-4970-a97a-117c420e6795',
		'db7a4835-5477-4697-b082-e75d2e455065',
		'b99b10f4-1b30-450a-88a2-a5b3478d5a05',
		'c2ffaa04-969d-48d0-8229-50a61f69c96a'
	]::uuid[]) AS id
) u
WHERE NOT EXISTS (
	SELECT 1
	FROM auth.users au
	WHERE au.id = u.id
)
ON CONFLICT (id) DO NOTHING;

-- Ensure referenced profiles exist before inserting parent trips/conversations.
-- These are counterpart/creator IDs found in restore rows.
INSERT INTO public.profiles (id, full_name)
SELECT u.id, 'Recovered Profile ' || left(u.id::text, 8)
FROM (
	SELECT unnest(ARRAY[
		'd71d3978-1a6b-483e-a453-30952df2dfcd',
		'db48a526-9418-4ffb-b539-ac59d9ca4adf',
		'888578f3-5d1e-442f-b82f-16df7de70965',
		'e4bd2c67-5f6e-43eb-889a-599b52ca0a10',
		'c2ba59e6-f5c4-41c9-94e4-d571a203b86e',
		'3c1dd886-6662-4c1a-81db-924aa9c4d713',
		'c41f1c7c-e1ad-417f-b33a-ae5474f26989',
		'8edae7a0-27b7-4014-a382-ace2a4a493a0',
		'73d3f99e-6a4e-46ec-bf29-7b689b8b02c2',
		'bf58a71e-e838-48fd-8019-242420d2783c',
		'34742663-4fc6-4970-a97a-117c420e6795',
		'db7a4835-5477-4697-b082-e75d2e455065',
		'b99b10f4-1b30-450a-88a2-a5b3478d5a05',
		'c2ffaa04-969d-48d0-8229-50a61f69c96a'
	]::uuid[]) AS id
) u
WHERE NOT EXISTS (
	SELECT 1
	FROM public.profiles p
	WHERE p.id = u.id
)
ON CONFLICT (id) DO NOTHING;

-- Automatically added parent records for FK constraints
-- Pre-check counts
SELECT count(*) as missing_trips FROM (SELECT unnest(ARRAY['cf983bef-64c2-47d0-a205-107442fb909d', '87b67da1-a1f2-4cec-b906-312152ac2411', 'bdc854f1-c7e7-41e5-803e-296350e696ff', 'e392434e-d285-45ac-a8e2-9c8798ab1def', 'bdaf6b85-c21c-4912-ae17-fb4e80fb394f', 'c5a8ee45-1bff-4378-bc56-52eb819eb0df', '6ad4d73c-55dc-4bb1-a9c5-1b61f8b2247f', '5a128743-d9ce-4ba2-a70a-bf86d4b7aa07', '14632b8a-1aae-41fa-afdb-3a7bdf89d2fb', '91d8daf3-a147-4cd9-a193-53c15c2b0484']::uuid[]) as id) t WHERE NOT EXISTS (SELECT 1 FROM public.trips WHERE id = t.id);
SELECT count(*) as missing_conversations FROM (SELECT unnest(ARRAY['abeae58a-0434-49b4-a8cc-ac22e6d6ffb7', 'f5ae2a86-ffb3-4898-9dfc-e2b77f4a666b', '2df9fd59-855e-4729-89fb-1786bb388a8b', '62cc559d-716d-413e-87e4-2e1568a39469', '6beabde7-8646-4c21-80a9-7247b9b13443', '7f5cdaeb-13cb-4d69-aa2b-a684d2cc5217', 'c38e0bac-4a64-4c4a-883a-377e167b27ee', '867eed43-c423-403f-88ce-22a02d36b522', '2e836405-b9c5-47f3-beee-c73ec9de9c8d', 'f768ac15-cbb1-4833-b94b-c93bdc9fc12b', '01eab889-21e1-4a7d-82b0-9551d9a350c8', 'f37c68b0-2efb-45b8-bfcd-f814a8b8786f', '021147c6-8723-4f98-afb2-58b2987cf3c8', '64aada4e-c2a1-43e7-ac8c-4c99f211446e', '6ee574d6-e8be-4ab3-a891-0a5dbe39e495', '1b97c2c4-4fef-4849-a47e-0fe7a7fa6cc8', '7da818b0-1da7-44f8-9428-056c2a3b02c1', 'c80d57fc-f0d2-4bbe-8d83-4c4937d131e4', 'aebc0292-a954-467f-b55e-b92d73b3a581', '4fd4c987-8b8e-4297-bb27-1a2a46475192', '4f8aa1a5-00b8-4253-a70d-91558e67d470', '639725c9-1966-49ad-8532-1054c1ba87ae', '6f4eed16-e722-4f9c-b9c6-532ce3f226e1', '1fe17aff-1eeb-4743-a8fa-53be6a5d52f6', 'e798ce30-6edf-4088-afee-47d6fd949129', '9d5637df-98e3-44f3-926b-125cf6afe015']::uuid[]) as id) c WHERE NOT EXISTS (SELECT 1 FROM public.conversations WHERE id = c.id);

-- Parent Inserts
INSERT INTO public.trips ("id", "creator_id", "type", "status", "title", "description", "destination", "cover_image", "images", "start_date", "end_date", "price", "currency", "max_participants", "current_participants", "itinerary", "included_items", "excluded_items", "requirements", "cancellation_policy", "tags", "is_featured", "view_count", "created_at", "updated_at", "meeting_point", "difficulty_level", "payment_terms", "faqs", "rating_average", "rating_count", "rating_distribution", "psa", "tip_services", "payment_qr_code", "budget_breakdown") VALUES ('87b67da1-a1f2-4cec-b906-312152ac2411', 'd71d3978-1a6b-483e-a453-30952df2dfcd', 'community', 'cancelled', '✈️ Phuket Getaway – 3 Days, 2 Nights', 'Comfort traveler Phuket', 'Phuket, Thailand', 'https://ydwhrqtqskdcepqiqkxi.supabase.co/storage/v1/object/public/trip-covers/d71d3978-1a6b-483e-a453-30952df2dfcd/cover-1758622417405.jpg', '{https://ydwhrqtqskdcepqiqkxi.supabase.co/storage/v1/object/public/trip-covers/d71d3978-1a6b-483e-a453-30952df2dfcd/gallery-1758622424411-9tw8if.jpg,https://ydwhrqtqskdcepqiqkxi.supabase.co/storage/v1/object/public/trip-covers/d71d3978-1a6b-483e-a453-30952df2dfcd/gallery-1758622424728-342gi.jpg}', '2025-10-24', '2025-10-26', '846.00', 'MYR', '7', '1', '[{"day": 1, "title": "Touchdown in Paradise", "description": "Fly from Kuala Lumpur and land in sunny Phuket International Airport.\\n\\nHop on the scenic ride down the coast to your hotel near Patong or Kata Beach.\\n\\nAfter check-in, unwind with your first walk on the sand — feel the breeze, watch the sunset.\\n\\nWhen night falls, dive into the vibrant streets of Patong: neon lights, buzzing night markets, and endless food stalls."}, {"day": 2, "title": "Island Adventure & Old Town Charm", "description": "Start the morning with an exciting island-hopping excursion. Crystal waters, limestone cliffs, snorkeling spots, and photo stops at iconic beaches.\\n\\nReturn in the afternoon for some downtime by the pool or beach.\\n\\nIn the evening, discover the colorful lanes of Old Phuket Town. Colonial shop houses, street art, charming cafés, and local night bazaars await.\\n\\nWrap up the day with dinner under fairy lights and maybe a relaxed beach bar hangout."}, {"day": 3, "title": "Morning Bliss & Farewell", "description": "Wake up early for a sunrise walk by the sea. Breathe in the salty air, enjoy a quiet coffee, and soak in the last views.\\n\\nBrowse a few souvenir shops or grab tropical fruits before checking out.\\n\\nHead back to the airport for your return flight, carrying memories of beaches, islands, and Phuket’s lively vibe."}]', '{}', '{}', '{"Malaysian passport holders\nThailand Digital Arrival Card (TDAC)"}', 'Standard cancellation policy applies', '{"City and Urban Life"}', 'f', '0', '2025-09-23 10:12:59.987802+00', '2025-09-26 13:53:57.342313+00', NULL, NULL, NULL, '[]', '0.00', '0', '{"1": 0, "2": 0, "3": 0, "4": 0, "5": 0}', NULL, '{}', NULL, '[{"id": "custom-1758623273985", "icon": "✈️", "name": "Return", "amount": 350, "percentage": 65.91337099811676}, {"id": "custom-1758623312419", "icon": "🚕", "name": "Airport transfer", "amount": 26, "percentage": 8.666666666666668}, {"id": "custom-1758623332070", "icon": "🏨", "name": "Accommodation", "amount": 150, "percentage": 46.012269938650306}, {"id": "custom-1758623372729", "icon": "🤿", "name": "Island-hopping tour", "amount": 160, "percentage": 33.61344537815126}, {"id": "custom-1758623389731", "icon": "🍜", "name": "Food & misc", "amount": 160, "percentage": 25.157232704402517}]') ON CONFLICT DO NOTHING;
INSERT INTO public.trips ("id", "creator_id", "type", "status", "title", "description", "destination", "cover_image", "images", "start_date", "end_date", "price", "currency", "max_participants", "current_participants", "itinerary", "included_items", "excluded_items", "requirements", "cancellation_policy", "tags", "is_featured", "view_count", "created_at", "updated_at", "meeting_point", "difficulty_level", "payment_terms", "faqs", "rating_average", "rating_count", "rating_distribution", "psa", "tip_services", "payment_qr_code", "budget_breakdown") VALUES ('91d8daf3-a147-4cd9-a193-53c15c2b0484', 'd71d3978-1a6b-483e-a453-30952df2dfcd', 'community', 'cancelled', 'sdfsdfsdfs sdfdsfsfsd', 'sdfsfsdfdsd sfdsfs dsfsdfsd sdfdfs sdfdsfsd', 'Bangkok, Thailand', 'https://images.unsplash.com/photo-1472396961693-142e6e269027?w=800&h=400&fit=crop', '{https://ydwhrqtqskdcepqiqkxi.supabase.co/storage/v1/object/public/trip-covers/d71d3978-1a6b-483e-a453-30952df2dfcd/gallery-1757642558615-q6l08o.png,https://ydwhrqtqskdcepqiqkxi.supabase.co/storage/v1/object/public/trip-covers/d71d3978-1a6b-483e-a453-30952df2dfcd/gallery-1757642559058-tlyhqr.png,https://ydwhrqtqskdcepqiqkxi.supabase.co/storage/v1/object/public/trip-covers/d71d3978-1a6b-483e-a453-30952df2dfcd/gallery-1757642559384-khj5r.png,https://ydwhrqtqskdcepqiqkxi.supabase.co/storage/v1/object/public/trip-covers/d71d3978-1a6b-483e-a453-30952df2dfcd/gallery-1757642559767-7nrov.png,https://ydwhrqtqskdcepqiqkxi.supabase.co/storage/v1/object/public/trip-covers/d71d3978-1a6b-483e-a453-30952df2dfcd/gallery-1757642559974-s0uv9l.png,https://ydwhrqtqskdcepqiqkxi.supabase.co/storage/v1/object/public/trip-covers/d71d3978-1a6b-483e-a453-30952df2dfcd/gallery-1757642560163-fnj0a8.png,https://ydwhrqtqskdcepqiqkxi.supabase.co/storage/v1/object/public/trip-covers/d71d3978-1a6b-483e-a453-30952df2dfcd/gallery-1757642560352-qh38w.png,https://ydwhrqtqskdcepqiqkxi.supabase.co/storage/v1/object/public/trip-covers/d71d3978-1a6b-483e-a453-30952df2dfcd/gallery-1757642560593-94soe9.png}', '2025-10-23', '2025-10-25', '10659.00', 'MYR', '4', '1', '[{"day": 1, "title": "333", "description": "333"}]', '{}', '{}', '{"sfsdfsfsdfsf sdfdsfsv dsfsdfsdfdsfsdfdsfsdf"}', 'Standard cancellation policy applies', '{"City and Urban Life"}', 'f', '0', '2025-09-12 02:02:29.915938+00', '2025-09-12 02:04:33.646878+00', NULL, NULL, NULL, '[]', '0.00', '0', '{"1": 0, "2": 0, "3": 0, "4": 0, "5": 0}', NULL, '{}', NULL, '[{"id": "accommodation", "icon": "🏠", "name": "Accommodation", "amount": 3333, "percentage": 1000.900900900901, "description": "Hotels, hostels, or shared rentals"}, {"id": "transportation", "icon": "✈️", "name": "Transportation", "amount": 3340, "percentage": 50.10501050105011, "description": "Flights, trains, local transport"}, {"id": "food", "icon": "🍽️", "name": "Food & Dining", "amount": 3333, "percentage": 47.573508421353125, "description": "Meals, snacks, and beverages"}, {"id": "activities", "icon": "🎯", "name": "Activities", "amount": 333, "percentage": 3.3170634525351126, "description": "Tours, entrance fees, experiences"}, {"id": "misc", "icon": "🛍️", "name": "Miscellaneous", "amount": 320, "percentage": 2.9993438935232914, "description": "Shopping, tips, emergencies"}]') ON CONFLICT DO NOTHING;
INSERT INTO public.trips ("id", "creator_id", "type", "status", "title", "description", "destination", "cover_image", "images", "start_date", "end_date", "price", "currency", "max_participants", "current_participants", "itinerary", "included_items", "excluded_items", "requirements", "cancellation_policy", "tags", "is_featured", "view_count", "created_at", "updated_at", "meeting_point", "difficulty_level", "payment_terms", "faqs", "rating_average", "rating_count", "rating_distribution", "psa", "tip_services", "payment_qr_code", "budget_breakdown") VALUES ('14632b8a-1aae-41fa-afdb-3a7bdf89d2fb', 'd71d3978-1a6b-483e-a453-30952df2dfcd', 'community', 'published', 'My Chemical Romance live in Singapore', '🎤 MCR Concert Singapore Itinerary\nEvent Date: Tuesday, 28 April 2026\nVenue: Singapore Indoor Stadium', 'Singapore', 'https://ydwhrqtqskdcepqiqkxi.supabase.co/storage/v1/object/public/trip-covers/d71d3978-1a6b-483e-a453-30952df2dfcd/cover-1755064057998.webp', '{}', '2026-04-26', '2026-04-27', '2500.00', 'MYR', '6', '6', '[{"day": 1, "title": "Day 1 – Monday, 27 April 2026", "description": "Explore the City & Get in the Mood\\n\\nMorning\\n\\nArrive at Changi Airport.\\n\\nCheck in to your hotel (preferably near Stadium MRT, Kallang, or City Hall for easy access to the venue).\\n\\nLate Morning – Afternoon\\n\\nGardens by the Bay → Explore the Flower Dome & Cloud Forest.\\n\\nShort walk to Marina Bay Sands SkyPark for skyline views.\\n\\nEvening\\n\\nChinatown for local food (Maxwell Food Centre is a great pick).\\n\\nEnd the night with a relaxed walk along Clarke Quay or Haji Lane."}, {"day": 2, "title": "Day 2 – Tuesday, 28 April 2026", "description": "Concert Day 🎸\\n\\nMorning\\n\\nBreakfast at Tiong Bahru Bakery or Ya Kun Kaya Toast for a Singaporean start.\\n\\nLight sightseeing: Singapore Botanic Gardens or shopping at Orchard Road (keep it chill to save energy).\\n\\nAfternoon\\n\\nEarly rest at your hotel.\\n\\nHave an early, light dinner near Stadium MRT (Kallang Wave Mall has many options).\\n\\nEvening – Concert Time\\n\\n5:30 PM – Arrive at Singapore Indoor Stadium area.\\n\\n6:30 PM – Doors open; clear security, grab merch.\\n\\n8:00 PM – MCR live! Sing, scream, and enjoy the night.\\n\\nPost-Concert\\n\\nTake MRT/taxi back to your hotel. If you’re still pumped, late supper at Lau Pa Sat or Newton Food Centre."}]', '{}', '{}', '{"Know at least 10 songs to vibe"}', 'Standard cancellation policy applies', '{"Music, Festivals and Entertainment"}', 'f', '0', '2025-08-13 05:45:57.946918+00', '2025-11-06 01:52:08.413932+00', NULL, NULL, NULL, '[]', '0.00', '0', '{"1": 0, "2": 0, "3": 0, "4": 0, "5": 0}', NULL, '{}', NULL, '[{"id": "accommodation", "icon": "🏨", "name": "Accommodation", "amount": 900, "percentage": 36, "description": "Hotels, hostels, or shared rentals"}, {"id": "transportation", "icon": "✈️", "name": "Transportation", "amount": 600, "percentage": 24, "description": "Flights, trains, local transport"}, {"id": "food", "icon": "🍽️", "name": "Food & Dining", "amount": 250, "percentage": 10, "description": "Meals, snacks, and beverages"}, {"id": "activities", "icon": "🎯", "name": "Activities", "amount": 250, "percentage": 10, "description": "Tours, entrance fees, experiences"}, {"id": "misc", "icon": "🛍️", "name": "Miscellaneous", "amount": 500, "percentage": 20, "description": "Shopping, tips, emergencies"}]') ON CONFLICT DO NOTHING;
INSERT INTO public.trips ("id", "creator_id", "type", "status", "title", "description", "destination", "cover_image", "images", "start_date", "end_date", "price", "currency", "max_participants", "current_participants", "itinerary", "included_items", "excluded_items", "requirements", "cancellation_policy", "tags", "is_featured", "view_count", "created_at", "updated_at", "meeting_point", "difficulty_level", "payment_terms", "faqs", "rating_average", "rating_count", "rating_distribution", "psa", "tip_services", "payment_qr_code", "budget_breakdown") VALUES ('bdc854f1-c7e7-41e5-803e-296350e696ff', 'd71d3978-1a6b-483e-a453-30952df2dfcd', 'community', 'completed', '3 Days 2 Nights – Ho Chi Minh City', '🔌 Quick Travel Tips\n\nPower plug: Type C (same as EU)\n\nSIM card: Viettel / Mobifone (RM20–30)\n\nWeather: Hot + humid\n\nCrossing road: Walk slowly, don’t run\n\nScams: Avoid shoe-cleaning guys, random motorbike rides', 'Ho Chi Minh City, Vietnam', 'https://ydwhrqtqskdcepqiqkxi.supabase.co/storage/v1/object/public/trip-covers/d71d3978-1a6b-483e-a453-30952df2dfcd/cover-1763431983958.jpg', '{https://ydwhrqtqskdcepqiqkxi.supabase.co/storage/v1/object/public/trip-covers/d71d3978-1a6b-483e-a453-30952df2dfcd/gallery-1763431993942-avsmkf3.webp}', '2026-03-06', '2026-03-08', '495.00', 'MYR', '4', '2', '[{"day": 1, "title": "Day 1 — Arrival, City Highlights & Nightlife", "description": "12:00–14:00 — Arrive in HCMC + Hotel Check-in\\n\\nRecommended areas to stay:\\n\\nDistrict 1 (most convenient)\\n\\nBen Thanh area (food + shopping)\\n\\n14:30 — Lunch at Ben Thanh Market\\n\\nTry:\\n\\nPho 2000\\n\\nFresh spring rolls\\n\\nVietnamese iced coffee (cà phê sữa đá)\\n\\n16:00 — Explore District 1 Walking Loop\\n\\nAll within walking distance:\\n\\n🏛 Saigon Central Post Office\\n\\n⛪ Notre-Dame Cathedral\\n\\n📚 Book Street (Đường Nguyễn Văn Bình)\\n\\n🗼 Saigon Opera House\\n\\n17:30 — Sunset at Bitexco Skydeck / Saigon SkyDeck\\n\\n• Nice panoramic city view\\n• Optional drink at EON Heli Bar\\n\\n19:00 — Dinner: Ngon Restaurant / Secret Garden\\n\\n• Local Vietnamese dishes in a beautiful setting\\n\\n21:00 — Nightlife\\n\\nChoose your vibe:\\n\\nBui Vien Walking Street (chaotic party street)\\n\\nChill Skybar (high-end rooftop)\\n\\nThe Alley Cocktail Bar (speakeasy)"}, {"day": 2, "title": "Day 2 — Cu Chi Tunnel OR Mekong Delta", "description": "Mekong Delta (Full-day)\\n\\n08:00 – 17:00\\n• Boat ride\\n• Coconut candy factory\\n• Bee farm\\n• Sampan ride through canals\\n• Lunch at local village\\nGreat for: nature, rural life, photos"}, {"day": 3, "title": "Day 3 — Café Hopping + Last-minute Shopping", "description": "08:00 — Breakfast at The Workshop / Oromia Café\\n\\nPerfect for coffee lovers.\\n\\n10:00 — War Remnants Museum\\n\\n• Powerful exhibits\\n• Usually takes 1–1.5 hours\\n(Go early to avoid crowd)\\n\\n12:00 — Lunch: Bánh Mì Huỳnh Hoa\\n\\n• The most famous bánh mì in the city\\n• Big portion, crispy bread\\n\\n13:00 — Shopping\\n\\nChoose based on your style:\\n\\nBen Thanh Market (souvenirs)\\n\\nSaigon Square (cheap clothes)\\n\\nVincom Center (branded + café)\\n\\n15:00 — Airport Transfer\\n\\nHCMC traffic is unpredictable — leave early."}]', '{}', '{}', '{"Must be punctual"}', 'Standard cancellation policy applies', '{"City and Urban Life"}', 'f', '0', '2025-11-18 02:10:41.306142+00', '2025-11-20 02:32:40.199995+00', NULL, NULL, NULL, '[]', '0.00', '0', '{"1": 0, "2": 0, "3": 0, "4": 0, "5": 0}', NULL, '{}', NULL, '[{"id": "custom-1763432047044", "icon": "🍽️", "name": "Food & drinks", "amount": 160, "percentage": 16}, {"id": "custom-1763432076116", "icon": "🎯", "name": "tours (Cu Chi / Mekong)", "amount": 180, "percentage": 112.5}, {"id": "custom-1763432102329", "icon": "🚕", "name": "Grab rides", "amount": 20, "percentage": 5.88235294117647}, {"id": "custom-1763432131366", "icon": "🍽️", "name": "Café hopping", "amount": 15, "percentage": 4.166666666666666}, {"id": "custom-1763432151953", "icon": "🎯", "name": "Massage", "amount": 120, "percentage": 32}]') ON CONFLICT DO NOTHING;
INSERT INTO public.trips ("id", "creator_id", "type", "status", "title", "description", "destination", "cover_image", "images", "start_date", "end_date", "price", "currency", "max_participants", "current_participants", "itinerary", "included_items", "excluded_items", "requirements", "cancellation_policy", "tags", "is_featured", "view_count", "created_at", "updated_at", "meeting_point", "difficulty_level", "payment_terms", "faqs", "rating_average", "rating_count", "rating_distribution", "psa", "tip_services", "payment_qr_code", "budget_breakdown") VALUES ('e392434e-d285-45ac-a8e2-9c8798ab1def', 'db48a526-9418-4ffb-b539-ac59d9ca4adf', 'community', 'cancelled', 'Bangkok Trip', 'Let''s go to bangkok guyssssssss', 'Bangkok, Thailand', 'https://ydwhrqtqskdcepqiqkxi.supabase.co/storage/v1/object/public/trip-covers/db48a526-9418-4ffb-b539-ac59d9ca4adf/cover-1756645603091.png', '{https://ydwhrqtqskdcepqiqkxi.supabase.co/storage/v1/object/public/trip-covers/db48a526-9418-4ffb-b539-ac59d9ca4adf/gallery-1756645660189-nc2z.png}', '2025-09-15', '2025-09-19', '2500.00', 'MYR', '4', '3', '[{"day": 1, "title": "day 1", "description": "testing"}, {"day": 2, "title": "day 2", "description": ""}]', '{}', '{}', '{"testing\ndsad\ndsadsadasd"}', 'Standard cancellation policy applies', '{"City and Urban Life","Nature and Outdoor"}', 'f', '0', '2025-08-31 13:03:09.733085+00', '2025-09-01 16:04:47.63964+00', NULL, NULL, NULL, '[]', '0.00', '0', '{"1": 0, "2": 0, "3": 0, "4": 0, "5": 0}', NULL, '{}', NULL, '[{"id": "custom-1756645390826", "icon": "🏨", "name": "Accomodiation", "amount": 2500, "percentage": 250}]') ON CONFLICT DO NOTHING;
INSERT INTO public.trips ("id", "creator_id", "type", "status", "title", "description", "destination", "cover_image", "images", "start_date", "end_date", "price", "currency", "max_participants", "current_participants", "itinerary", "included_items", "excluded_items", "requirements", "cancellation_policy", "tags", "is_featured", "view_count", "created_at", "updated_at", "meeting_point", "difficulty_level", "payment_terms", "faqs", "rating_average", "rating_count", "rating_distribution", "psa", "tip_services", "payment_qr_code", "budget_breakdown") VALUES ('bdaf6b85-c21c-4912-ae17-fb4e80fb394f', '888578f3-5d1e-442f-b82f-16df7de70965', 'community', 'completed', 'Sound Groove Festival 2025 (Community Trip: VIP)', 'Sound Groove hadir kembali di Uptown Park, Summarecon Mall Serpong pada tanggal 18 Oktober 2025, dan akan menghadirkan: \nJuicy Luicy\nHindia Feast\nLomba Sihir\nWijaya 80 \nOm Abidin feat Aldi Taher \nDNA (Mr Aloy & Jayjax)\n\nJoin this trip if you want a community discount or bought the community discount tickets!\n\nVIP: Rp250,000\nNormal: Rp160,000\n', 'Tangerang, Indonesia', 'https://ydwhrqtqskdcepqiqkxi.supabase.co/storage/v1/object/public/trip-covers/888578f3-5d1e-442f-b82f-16df7de70965/cover-1759359346482.jpeg', '{https://ydwhrqtqskdcepqiqkxi.supabase.co/storage/v1/object/public/trip-covers/888578f3-5d1e-442f-b82f-16df7de70965/gallery-1759359381578-4vjwu.jpeg,https://ydwhrqtqskdcepqiqkxi.supabase.co/storage/v1/object/public/trip-covers/888578f3-5d1e-442f-b82f-16df7de70965/gallery-1759359383510-rsbxa.jpeg,https://ydwhrqtqskdcepqiqkxi.supabase.co/storage/v1/object/public/trip-covers/888578f3-5d1e-442f-b82f-16df7de70965/gallery-1759359384192-4r8cz.jpeg,https://ydwhrqtqskdcepqiqkxi.supabase.co/storage/v1/object/public/trip-covers/888578f3-5d1e-442f-b82f-16df7de70965/gallery-1759359385155-4ueq4m.jpeg,https://ydwhrqtqskdcepqiqkxi.supabase.co/storage/v1/object/public/trip-covers/888578f3-5d1e-442f-b82f-16df7de70965/gallery-1759359385717-yapm59.jpeg}', '2025-10-17', '2025-10-19', '865.00', 'MYR', '4', '3', '[{"day": 1, "title": "Arrival", "description": "Flight malam"}, {"day": 2, "title": "Sound Groove Festival", "description": "Nyanyi2"}, {"day": 3, "title": "Pulang", "description": "Morning flight"}]', '{}', '{}', '{"Layan lagu Indies Indonesia"}', 'Standard cancellation policy applies', '{"Music, Festivals and Entertainment","City and Urban Life"}', 'f', '0', '2025-10-01 22:49:55.101473+00', '2025-10-20 05:44:48.22311+00', NULL, NULL, NULL, '[]', '0.00', '0', '{"1": 0, "2": 0, "3": 0, "4": 0, "5": 0}', NULL, '{}', NULL, '[{"id": "custom-1759359512322", "icon": "🎫", "name": "VIP Tickets", "amount": 65, "percentage": 6.5}, {"id": "custom-1759359583572", "icon": "🏨", "name": "Accomodation", "amount": 200, "percentage": 190.47619047619045}, {"id": "custom-1759359618381", "icon": "✈️", "name": "Estimated Flight Cost", "amount": 600, "percentage": 196.72131147540983}]') ON CONFLICT DO NOTHING;
INSERT INTO public.trips ("id", "creator_id", "type", "status", "title", "description", "destination", "cover_image", "images", "start_date", "end_date", "price", "currency", "max_participants", "current_participants", "itinerary", "included_items", "excluded_items", "requirements", "cancellation_policy", "tags", "is_featured", "view_count", "created_at", "updated_at", "meeting_point", "difficulty_level", "payment_terms", "faqs", "rating_average", "rating_count", "rating_distribution", "psa", "tip_services", "payment_qr_code", "budget_breakdown") VALUES ('5a128743-d9ce-4ba2-a70a-bf86d4b7aa07', 'd71d3978-1a6b-483e-a453-30952df2dfcd', 'community', 'published', 'Seoul: The City of Palaces', 'sightseeing, food, shopping, and culture.', 'Seoul, South Korea', 'https://ydwhrqtqskdcepqiqkxi.supabase.co/storage/v1/object/public/trip-covers/d71d3978-1a6b-483e-a453-30952df2dfcd/cover-1756959052305.jpg', '{}', '2026-06-05', '2026-06-10', '2750.00', 'MYR', '2', '2', '[{"day": 1, "title": "Arrival & Night Vibes", "description": "Arrival at Incheon → Airport transfer to hotel.\\n\\nDinner: Try Korean fried chicken near your hotel (Hongdae or Myeongdong recommended).\\n\\nEvening: Light walk at Cheonggyecheon Stream or Dongdaemun Design Plaza (DDP) for night lights."}, {"day": 2, "title": "Palaces & Tradition", "description": "Morning:\\n\\nVisit Gyeongbokgung Palace (watch the guard-changing ceremony).\\n\\nExplore Bukchon Hanok Village (traditional houses, photo spots).\\n\\nAfternoon:\\n\\nInsadong (souvenirs, tea houses, street food).\\n\\nEvening:\\n\\nMyeongdong Night Market → skincare shopping, tteokbokki, hotteok, grilled squid."}, {"day": 3, "title": "Nature & City Views", "description": "Nami Island + Petite France + Garden of Morning Calm (romantic & scenic)\\nOR\\nBukhansan National Park (light hiking, great city view).\\n\\nEvening: Return to Seoul, explore Hongdae (youth vibes, live music, street performances)."}, {"day": 4, "title": "Modern Seoul", "description": "Morning: COEX Mall (Starfield Library, Aquarium, K-pop stores).\\n\\nAfternoon: Gangnam area → K-Star Road, cafes.\\n\\nEvening: Lotte World Tower (123F Observatory) for sunset + night city view."}, {"day": 5, "title": "Free & Flexible", "description": "Morning: Shopping at Namdaemun or Myeongdong.\\n\\nAfternoon: Han River cruise OR rent a bike/e-scooter at Yeouido Hangang Park.\\n\\nEvening: Itaewon for international food & nightlife."}]', '{}', '{}', '{}', 'Standard cancellation policy applies', '{"City and Urban Life"}', 'f', '0', '2025-09-04 04:10:35.797902+00', '2025-09-04 05:58:03.829566+00', NULL, NULL, NULL, '[]', '0.00', '0', '{"1": 0, "2": 0, "3": 0, "4": 0, "5": 0}', NULL, '{}', NULL, '[{"id": "custom-1756959196520", "icon": "🏨", "name": "Airbnb", "amount": 500, "percentage": 8}, {"id": "custom-1756959234082", "icon": "✈️", "name": "Flight (Return trip)", "amount": 1250, "percentage": 125}, {"id": "custom-1756959333994", "icon": "🥘", "name": "Food", "amount": 500, "percentage": 28.57142857142857}, {"id": "custom-1756959353282", "icon": "🛍️", "name": "Shopping", "amount": 500, "percentage": 22.22222222222222}]') ON CONFLICT DO NOTHING;
INSERT INTO public.trips ("id", "creator_id", "type", "status", "title", "description", "destination", "cover_image", "images", "start_date", "end_date", "price", "currency", "max_participants", "current_participants", "itinerary", "included_items", "excluded_items", "requirements", "cancellation_policy", "tags", "is_featured", "view_count", "created_at", "updated_at", "meeting_point", "difficulty_level", "payment_terms", "faqs", "rating_average", "rating_count", "rating_distribution", "psa", "tip_services", "payment_qr_code", "budget_breakdown") VALUES ('c5a8ee45-1bff-4378-bc56-52eb819eb0df', 'd71d3978-1a6b-483e-a453-30952df2dfcd', 'community', 'completed', 'Skyline Luge, Kuala Lumpur', '- Part go kart, part toboggan\n- Gravity-fueled, giving full rider control with its unique braking and steering system.\n- Pull back on the handle bars to slow or stop, release to accelerate and enjoy.\n- Great for any age. Children over 85cm tall and 2 years of age can even ride with an adult.\n- So awesome that it’s impossible to just have one ride', 'Skyline Luge, Kuala Lumpur', 'https://ydwhrqtqskdcepqiqkxi.supabase.co/storage/v1/object/public/trip-covers/d71d3978-1a6b-483e-a453-30952df2dfcd/cover-1756882475034.jpg', '{https://ydwhrqtqskdcepqiqkxi.supabase.co/storage/v1/object/public/avatars/d71d3978-1a6b-483e-a453-30952df2dfcd/gallery-1756882482842-j20xwt.avif,https://ydwhrqtqskdcepqiqkxi.supabase.co/storage/v1/object/public/avatars/d71d3978-1a6b-483e-a453-30952df2dfcd/gallery-1756882483817-wfcuw.avif,https://ydwhrqtqskdcepqiqkxi.supabase.co/storage/v1/object/public/avatars/d71d3978-1a6b-483e-a453-30952df2dfcd/gallery-1756882484321-etdrv.avif}', '2025-09-06', '2025-09-06', '100.75', 'MYR', '8', '2', '[{"day": 1, "title": "5 Luge + Skyride Combo", "description": "Experience the Ultimate Luge Adventure\\nDive into the complete luge journey with five thrilling rides designed to excite and challenge. It’s your chance to fully immerse yourself in the world of luge, sharpen your skills, and master this exhilarating sport."}]', '{}', '{}', '{"chilling & vibing"}', 'Standard cancellation policy applies', '{"City and Urban Life"}', 'f', '0', '2025-09-03 06:44:00.585768+00', '2025-09-12 16:02:07.142002+00', NULL, NULL, NULL, '[]', '0.00', '0', '{"1": 0, "2": 0, "3": 0, "4": 0, "5": 0}', NULL, '{}', NULL, '[{"id": "custom-1756882244254", "icon": "🍽️", "name": "Makan Inshaff Bistro", "amount": 20, "percentage": 24.76780185758514}, {"id": "custom-1756882506924", "icon": "🎯", "name": "Ticket", "amount": 80.75, "percentage": 403.74999999999994}]') ON CONFLICT DO NOTHING;
INSERT INTO public.trips ("id", "creator_id", "type", "status", "title", "description", "destination", "cover_image", "images", "start_date", "end_date", "price", "currency", "max_participants", "current_participants", "itinerary", "included_items", "excluded_items", "requirements", "cancellation_policy", "tags", "is_featured", "view_count", "created_at", "updated_at", "meeting_point", "difficulty_level", "payment_terms", "faqs", "rating_average", "rating_count", "rating_distribution", "psa", "tip_services", "payment_qr_code", "budget_breakdown") VALUES ('6ad4d73c-55dc-4bb1-a9c5-1b61f8b2247f', '888578f3-5d1e-442f-b82f-16df7de70965', 'community', 'completed', 'Road to ODF (Squadron 10)', 'Lenggong Outdoor Festival 2025 is calling all adventurers, dreamers, and outdoor lovers! 🌿   \n\nJoin this official Road to ODF group to unlock exclusive ticket savings:   \n\nForm a full group of 4 members (1 organizer + 4 participants)   \n\nOnce your group is complete, you’ll receive a promo code worth RM15 off the Squadron Ticket   \n\nPromo code will be given on 23 September 2025 and valid up to 28 September 2025 Squadron Ticket price: RM440 → RM425 after discount (excludes ODF’s processing fees/charges)   \n\nThis group also serves as your coordination hub — plan carpools, share camping tips, and connect before the big weekend!   \n\n📍 Happening: 3–5 October 2025 at Resort Tasik Raban, Lenggong.  \n\n🎟 Redeem your discount at outdoorfest.my — only 10 promo codes available on a first-come, first-served basis!   \n\nDisclaimer:   \n\n- Safety & Responsibility: All participants are responsible for their own safety, conduct, and belongings at the venue. Ketravelan will not be liable for any accidents, injuries, losses, delays, cancellations, or changes to the event as these matters are fully under the responsibility of the event organizer (ODF). Ketravelan does not oversee, moderate, or guarantee any arrangements made between participants.  \n\n - Group Size: Promo groups are strictly limited to 4 confirmed members per Squadron Ticket. Any participants beyond 4 will be placed into a separate group chat to form a new group.', 'Lenggong, Perak, Malaysia', 'https://ydwhrqtqskdcepqiqkxi.supabase.co/storage/v1/object/public/trip-covers/888578f3-5d1e-442f-b82f-16df7de70965/cover-1757726642895.jpeg', '{https://ydwhrqtqskdcepqiqkxi.supabase.co/storage/v1/object/public/trip-covers/888578f3-5d1e-442f-b82f-16df7de70965/gallery-1757726668980-3lq2uw.jpeg,https://ydwhrqtqskdcepqiqkxi.supabase.co/storage/v1/object/public/trip-covers/888578f3-5d1e-442f-b82f-16df7de70965/gallery-1757726669867-sh99i.jpeg,https://ydwhrqtqskdcepqiqkxi.supabase.co/storage/v1/object/public/trip-covers/888578f3-5d1e-442f-b82f-16df7de70965/gallery-1757726670496-yc04yty.jpeg,https://ydwhrqtqskdcepqiqkxi.supabase.co/storage/v1/object/public/trip-covers/888578f3-5d1e-442f-b82f-16df7de70965/gallery-1757726671449-vztlf.jpeg,https://ydwhrqtqskdcepqiqkxi.supabase.co/storage/v1/object/public/trip-covers/888578f3-5d1e-442f-b82f-16df7de70965/gallery-1757726672754-ls5h2d.png}', '2025-10-03', '2025-10-05', '425.00', 'MYR', '5', '2', '[{"day": 1, "title": "Arrival and healing", "description": "- Set Camp 🏕️\\n- Healing"}, {"day": 2, "title": "Outdoor Activities and Pentas Galau", "description": "- Free to do activities in the day ⛰️🎡\\n-Bergalau at night🎵🎶❤️‍🔥"}, {"day": 3, "title": "Last Minute Fun", "description": "- Have some last minute fun\\n- Create memories"}]', '{}', '{}', '{"- Must be interested in outdoor activities.   \n\n- Must join as part of a group of 4 to unlock the promo code.   \n\n- Promo code applies to Squadron Ticket purchase only (excludes fees/charges by ODF).   \n\n- Promo code will be released only after the group reaches 4 confirmed members.   \n\n- Each promo code is valid for one Squadron Ticket bundle (4 pax) only.   \n\n- Empty or incomplete groups will not be eligible.   \n\n💡 Tip: Invite your friends quickly — limited codes available! Even if codes run out, stay in this group to connect, plan your transport, and vibe with fellow adventurers."}', 'Standard cancellation policy applies', '{"Nature and Outdoor","Music, Festivals and Entertainment"}', 'f', '0', '2025-09-13 01:23:15.507103+00', '2025-10-06 14:47:18.133819+00', NULL, NULL, NULL, '[]', '0.00', '0', '{"1": 0, "2": 0, "3": 0, "4": 0, "5": 0}', NULL, '{}', NULL, '[{"id": "custom-1757726719145", "icon": "🎫", "name": "Squadron Tickets", "amount": 425, "percentage": 42.5}]') ON CONFLICT DO NOTHING;
INSERT INTO public.trips ("id", "creator_id", "type", "status", "title", "description", "destination", "cover_image", "images", "start_date", "end_date", "price", "currency", "max_participants", "current_participants", "itinerary", "included_items", "excluded_items", "requirements", "cancellation_policy", "tags", "is_featured", "view_count", "created_at", "updated_at", "meeting_point", "difficulty_level", "payment_terms", "faqs", "rating_average", "rating_count", "rating_distribution", "psa", "tip_services", "payment_qr_code", "budget_breakdown") VALUES ('cf983bef-64c2-47d0-a205-107442fb909d', 'd71d3978-1a6b-483e-a453-30952df2dfcd', 'community', 'published', '8D7N TOKYO', 'This 8D7N trip to Tokyo is designed to give our group a balanced and enjoyable experience. We will explore popular areas such as Asakusa, Shibuya, Shinjuku, Akihabara, and Ueno while enjoying local food, culture, and shopping. The itinerary includes a full day at DisneySea and a scenic visit to Mount Fuji and Lake Kawaguchi. We will also visit major landmarks like Tokyo Skytree and take a day for free-and-easy activities such as TeamLab or Odaiba. Overall, this trip offers a simple, comfortable, and memorable way to experience the best of Tokyo together.', 'Tokyo, Japan', 'https://ydwhrqtqskdcepqiqkxi.supabase.co/storage/v1/object/public/trip-covers/d71d3978-1a6b-483e-a453-30952df2dfcd/cover-1763909445701.webp', '{https://ydwhrqtqskdcepqiqkxi.supabase.co/storage/v1/object/public/trip-covers/d71d3978-1a6b-483e-a453-30952df2dfcd/gallery-1763908872761-k6o0ut.jpg,https://ydwhrqtqskdcepqiqkxi.supabase.co/storage/v1/object/public/trip-covers/d71d3978-1a6b-483e-a453-30952df2dfcd/gallery-1763909459026-wd3g8m.webp,https://ydwhrqtqskdcepqiqkxi.supabase.co/storage/v1/object/public/trip-covers/d71d3978-1a6b-483e-a453-30952df2dfcd/gallery-1763909459514-jszicc.jpg}', '2026-10-16', '2026-10-23', '4460.00', 'MYR', '10', '5', '[{"day": 1, "title": "Arrival & Asakusa", "description": "Arrive in Tokyo around noon, check in, and explore Sensoji Temple, Nakamise Street, and the Asakusa riverside for a relaxing first day."}, {"day": 2, "title": "Shinjuku, Harajuku & Shibuya", "description": "Visit Meiji Shrine, walk through Harajuku’s trendy Takeshita Street, shop in Shibuya, and enjoy the famous Shibuya Crossing and Scramble Square views."}, {"day": 3, "title": "DisneySea", "description": "Spend the full day enjoying DisneySea’s unique rides, shows, themed areas, and photo spots only found in Japan."}, {"day": 4, "title": "Mount Fuji & Lake Kawaguchi", "description": "Take a day trip to see Mount Fuji from Chureito Pagoda, Lake Kawaguchi, Oishi Park, and the Ropeway for the best Fuji views and photos."}, {"day": 5, "title": "Asakusa, Skytree & Ueno", "description": "Explore Asakusa again for souvenirs, visit Tokyo Skytree for city views, then head to Ueno Park and Ameyoko Market for food and shopping."}, {"day": 6, "title": "Akihabara & Ginza", "description": "Discover anime, manga, and electronics shops in Akihabara, then visit Ginza for premium shopping, cafés, and modern architecture."}, {"day": 7, "title": "Free & Easy", "description": "Choose between TeamLab Planets, Odaiba’s waterfront attractions, Yokohama’s Chinatown, or enjoy your own personal exploration around Tokyo."}, {"day": 8, "title": "Departure", "description": "Check out early, head to Narita Airport, relax during transit in Manila, and fly back to Kuala Lumpur."}]', '{}', '{}', '{"Valid Passport, Enough Yen & Card, Suica / Pasmo Card,  eSIM / Internet Access, Autumn Clothing, Walking Stamina, Group Discipline, Budget Preparedness, Travel Essentials, Respect Local Rules"}', 'Standard cancellation policy applies', '{"Nature and Outdoor","City and Urban Life"}', 'f', '0', '2025-11-23 14:35:29.548123+00', '2025-11-23 16:35:36.764248+00', NULL, NULL, NULL, '[]', '0.00', '0', '{"1": 0, "2": 0, "3": 0, "4": 0, "5": 0}', NULL, '{}', NULL, '[{"id": "custom-1763908983113", "icon": "✈️", "name": "Flight Return", "amount": 1400, "percentage": 140}, {"id": "custom-1763909032378", "icon": "🚊", "name": "Transport", "amount": 500, "percentage": 35.714285714285715}, {"id": "custom-1763909069403", "icon": "🏨", "name": "Hotel (7 Nights)", "amount": 1400, "percentage": 73.68421052631578}, {"id": "custom-1763909085058", "icon": "🍽️", "name": "Food", "amount": 500, "percentage": 15.151515151515152}, {"id": "custom-1763909112546", "icon": "📱", "name": "e-sim", "amount": 60, "percentage": 1.5789473684210527}, {"id": "custom-1763909136770", "icon": "🎢", "name": "Attractions", "amount": 600, "percentage": 15.544041450777202}]') ON CONFLICT DO NOTHING;
INSERT INTO public.conversations ("id", "trip_id", "is_group", "created_at", "updated_at", "user1_id", "user2_id", "metadata", "name", "created_by", "conversation_type") VALUES ('1fe17aff-1eeb-4743-a8fa-53be6a5d52f6', 'e392434e-d285-45ac-a8e2-9c8798ab1def', 't', '2025-08-31 13:04:40.912189+00', '2025-08-31 13:04:40.912189+00', NULL, NULL, '{"type": "trip_group", "trip_id": "e392434e-d285-45ac-a8e2-9c8798ab1def", "trip_type": "community"}', 'Bangkok Trip - Group Chat', 'db48a526-9418-4ffb-b539-ac59d9ca4adf', 'trip_group') ON CONFLICT DO NOTHING;
INSERT INTO public.conversations ("id", "trip_id", "is_group", "created_at", "updated_at", "user1_id", "user2_id", "metadata", "name", "created_by", "conversation_type") VALUES ('62cc559d-716d-413e-87e4-2e1568a39469', 'c5a8ee45-1bff-4378-bc56-52eb819eb0df', 't', '2025-09-03 06:52:44.069576+00', '2025-09-03 06:52:44.069576+00', NULL, NULL, '{"type": "trip_group", "trip_id": "c5a8ee45-1bff-4378-bc56-52eb819eb0df", "trip_type": "community"}', 'Skyline Luge, Kuala Lumpur - Group Chat', 'd71d3978-1a6b-483e-a453-30952df2dfcd', 'trip_group') ON CONFLICT DO NOTHING;
INSERT INTO public.conversations ("id", "trip_id", "is_group", "created_at", "updated_at", "user1_id", "user2_id", "metadata", "name", "created_by", "conversation_type") VALUES ('1b97c2c4-4fef-4849-a47e-0fe7a7fa6cc8', '5a128743-d9ce-4ba2-a70a-bf86d4b7aa07', 't', '2025-09-04 04:20:52.197404+00', '2025-09-04 04:20:52.197404+00', NULL, NULL, '{"type": "trip_group", "trip_id": "5a128743-d9ce-4ba2-a70a-bf86d4b7aa07", "trip_type": "community"}', 'Seoul: The City of Palaces - Group Chat', 'd71d3978-1a6b-483e-a453-30952df2dfcd', 'trip_group') ON CONFLICT DO NOTHING;
INSERT INTO public.conversations ("id", "trip_id", "is_group", "created_at", "updated_at", "user1_id", "user2_id", "metadata", "name", "created_by", "conversation_type") VALUES ('7f5cdaeb-13cb-4d69-aa2b-a684d2cc5217', '91d8daf3-a147-4cd9-a193-53c15c2b0484', 't', '2025-09-12 02:03:32.920453+00', '2025-09-12 02:03:32.920453+00', NULL, NULL, '{"type": "trip_group", "trip_id": "91d8daf3-a147-4cd9-a193-53c15c2b0484", "trip_type": "community"}', 'sdfsdfsdfs sdfdsfsfsd - Group Chat', 'd71d3978-1a6b-483e-a453-30952df2dfcd', 'trip_group') ON CONFLICT DO NOTHING;
INSERT INTO public.conversations ("id", "trip_id", "is_group", "created_at", "updated_at", "user1_id", "user2_id", "metadata", "name", "created_by", "conversation_type") VALUES ('9d5637df-98e3-44f3-926b-125cf6afe015', '6ad4d73c-55dc-4bb1-a9c5-1b61f8b2247f', 't', '2025-09-13 01:26:39.981252+00', '2025-09-13 01:26:39.981252+00', NULL, NULL, '{"type": "trip_group", "trip_id": "6ad4d73c-55dc-4bb1-a9c5-1b61f8b2247f", "trip_type": "community"}', 'Road to ODF (Squadron 10) - Group Chat', '888578f3-5d1e-442f-b82f-16df7de70965', 'trip_group') ON CONFLICT DO NOTHING;
INSERT INTO public.conversations ("id", "trip_id", "is_group", "created_at", "updated_at", "user1_id", "user2_id", "metadata", "name", "created_by", "conversation_type") VALUES ('f768ac15-cbb1-4833-b94b-c93bdc9fc12b', 'bdaf6b85-c21c-4912-ae17-fb4e80fb394f', 't', '2025-10-01 23:01:40.123398+00', '2025-10-01 23:01:40.123398+00', NULL, NULL, '{"type": "trip_group", "trip_id": "bdaf6b85-c21c-4912-ae17-fb4e80fb394f", "trip_type": "community"}', 'Sound Groove Festival 2025 (Community Trip) - Group Chat', '888578f3-5d1e-442f-b82f-16df7de70965', 'trip_group') ON CONFLICT DO NOTHING;
INSERT INTO public.conversations ("id", "trip_id", "is_group", "created_at", "updated_at", "user1_id", "user2_id", "metadata", "name", "created_by", "conversation_type") VALUES ('64aada4e-c2a1-43e7-ac8c-4c99f211446e', NULL, 'f', '2025-11-09 03:48:17.034535+00', '2025-11-09 03:48:17.034535+00', 'd71d3978-1a6b-483e-a453-30952df2dfcd', 'e4bd2c67-5f6e-43eb-889a-599b52ca0a10', '{}', NULL, NULL, 'direct') ON CONFLICT DO NOTHING;
INSERT INTO public.conversations ("id", "trip_id", "is_group", "created_at", "updated_at", "user1_id", "user2_id", "metadata", "name", "created_by", "conversation_type") VALUES ('aebc0292-a954-467f-b55e-b92d73b3a581', 'cf983bef-64c2-47d0-a205-107442fb909d', 't', '2025-11-23 14:49:08.265103+00', '2025-11-23 14:49:08.265103+00', NULL, NULL, '{"type": "trip_group", "trip_id": "cf983bef-64c2-47d0-a205-107442fb909d", "trip_type": "community"}', '8D7N TOKYO - Group Chat', 'd71d3978-1a6b-483e-a453-30952df2dfcd', 'trip_group') ON CONFLICT DO NOTHING;
INSERT INTO public.conversations ("id", "trip_id", "is_group", "created_at", "updated_at", "user1_id", "user2_id", "metadata", "name", "created_by", "conversation_type") VALUES ('e798ce30-6edf-4088-afee-47d6fd949129', NULL, 'f', '2025-12-04 01:47:10.161316+00', '2025-12-04 01:47:10.161316+00', 'c2ba59e6-f5c4-41c9-94e4-d571a203b86e', 'd71d3978-1a6b-483e-a453-30952df2dfcd', '{}', NULL, NULL, 'direct') ON CONFLICT DO NOTHING;
INSERT INTO public.conversations ("id", "trip_id", "is_group", "created_at", "updated_at", "user1_id", "user2_id", "metadata", "name", "created_by", "conversation_type") VALUES ('2e836405-b9c5-47f3-beee-c73ec9de9c8d', NULL, 'f', '2025-12-11 19:03:15.301712+00', '2025-12-11 19:03:15.301712+00', '3c1dd886-6662-4c1a-81db-924aa9c4d713', 'd71d3978-1a6b-483e-a453-30952df2dfcd', '{}', NULL, NULL, 'direct') ON CONFLICT DO NOTHING;
INSERT INTO public.conversations ("id", "trip_id", "is_group", "created_at", "updated_at", "user1_id", "user2_id", "metadata", "name", "created_by", "conversation_type") VALUES ('7da818b0-1da7-44f8-9428-056c2a3b02c1', NULL, 'f', '2025-08-11 11:26:07.420817+00', '2025-08-11 11:26:07.420817+00', 'd71d3978-1a6b-483e-a453-30952df2dfcd', 'db48a526-9418-4ffb-b539-ac59d9ca4adf', '{}', NULL, NULL, 'direct') ON CONFLICT DO NOTHING;
INSERT INTO public.conversations ("id", "trip_id", "is_group", "created_at", "updated_at", "user1_id", "user2_id", "metadata", "name", "created_by", "conversation_type") VALUES ('021147c6-8723-4f98-afb2-58b2987cf3c8', NULL, 'f', '2025-08-11 12:34:16.087477+00', '2025-08-11 12:34:16.087477+00', '888578f3-5d1e-442f-b82f-16df7de70965', 'd71d3978-1a6b-483e-a453-30952df2dfcd', '{}', NULL, NULL, 'direct') ON CONFLICT DO NOTHING;
INSERT INTO public.conversations ("id", "trip_id", "is_group", "created_at", "updated_at", "user1_id", "user2_id", "metadata", "name", "created_by", "conversation_type") VALUES ('f37c68b0-2efb-45b8-bfcd-f814a8b8786f', NULL, 'f', '2025-08-11 12:44:20.554813+00', '2025-08-11 12:44:20.554813+00', 'c41f1c7c-e1ad-417f-b33a-ae5474f26989', 'd71d3978-1a6b-483e-a453-30952df2dfcd', '{}', NULL, NULL, 'direct') ON CONFLICT DO NOTHING;
INSERT INTO public.conversations ("id", "trip_id", "is_group", "created_at", "updated_at", "user1_id", "user2_id", "metadata", "name", "created_by", "conversation_type") VALUES ('6ee574d6-e8be-4ab3-a891-0a5dbe39e495', NULL, 'f', '2025-08-16 02:09:40.481515+00', '2025-08-16 02:09:40.481515+00', '8edae7a0-27b7-4014-a382-ace2a4a493a0', 'd71d3978-1a6b-483e-a453-30952df2dfcd', '{}', NULL, NULL, 'direct') ON CONFLICT DO NOTHING;
INSERT INTO public.conversations ("id", "trip_id", "is_group", "created_at", "updated_at", "user1_id", "user2_id", "metadata", "name", "created_by", "conversation_type") VALUES ('2df9fd59-855e-4729-89fb-1786bb388a8b', NULL, 'f', '2025-08-27 13:33:44.411614+00', '2025-08-27 13:33:44.411614+00', '73d3f99e-6a4e-46ec-bf29-7b689b8b02c2', 'd71d3978-1a6b-483e-a453-30952df2dfcd', '{}', NULL, NULL, 'direct') ON CONFLICT DO NOTHING;
INSERT INTO public.conversations ("id", "trip_id", "is_group", "created_at", "updated_at", "user1_id", "user2_id", "metadata", "name", "created_by", "conversation_type") VALUES ('867eed43-c423-403f-88ce-22a02d36b522', '14632b8a-1aae-41fa-afdb-3a7bdf89d2fb', 't', '2025-08-17 04:01:12.906065+00', '2025-08-31 12:54:52.221635+00', NULL, NULL, '{"type": "trip_group", "trip_id": "14632b8a-1aae-41fa-afdb-3a7bdf89d2fb"}', 'My Chemical Romance live in Singapore - Group Chat', 'd71d3978-1a6b-483e-a453-30952df2dfcd', 'trip_group') ON CONFLICT DO NOTHING;
INSERT INTO public.conversations ("id", "trip_id", "is_group", "created_at", "updated_at", "user1_id", "user2_id", "metadata", "name", "created_by", "conversation_type") VALUES ('c80d57fc-f0d2-4bbe-8d83-4c4937d131e4', NULL, 'f', '2025-09-03 10:07:19.123586+00', '2025-09-03 10:07:19.123586+00', 'bf58a71e-e838-48fd-8019-242420d2783c', 'd71d3978-1a6b-483e-a453-30952df2dfcd', '{}', NULL, NULL, 'direct') ON CONFLICT DO NOTHING;
INSERT INTO public.conversations ("id", "trip_id", "is_group", "created_at", "updated_at", "user1_id", "user2_id", "metadata", "name", "created_by", "conversation_type") VALUES ('01eab889-21e1-4a7d-82b0-9551d9a350c8', NULL, 'f', '2025-08-26 03:32:35.616183+00', '2025-08-26 03:32:35.616183+00', '34742663-4fc6-4970-a97a-117c420e6795', 'd71d3978-1a6b-483e-a453-30952df2dfcd', '{}', NULL, NULL, 'direct') ON CONFLICT DO NOTHING;
INSERT INTO public.conversations ("id", "trip_id", "is_group", "created_at", "updated_at", "user1_id", "user2_id", "metadata", "name", "created_by", "conversation_type") VALUES ('4f8aa1a5-00b8-4253-a70d-91558e67d470', NULL, 'f', '2025-08-26 03:32:49.059278+00', '2025-08-26 03:32:49.059278+00', '34742663-4fc6-4970-a97a-117c420e6795', 'd71d3978-1a6b-483e-a453-30952df2dfcd', '{}', NULL, NULL, 'direct') ON CONFLICT DO NOTHING;
INSERT INTO public.conversations ("id", "trip_id", "is_group", "created_at", "updated_at", "user1_id", "user2_id", "metadata", "name", "created_by", "conversation_type") VALUES ('6beabde7-8646-4c21-80a9-7247b9b13443', '87b67da1-a1f2-4cec-b906-312152ac2411', 't', '2025-09-23 10:25:06.01788+00', '2025-09-23 10:25:06.01788+00', NULL, NULL, '{"type": "trip_group", "trip_id": "87b67da1-a1f2-4cec-b906-312152ac2411", "trip_type": "community"}', 'Train adventure to Phuket - Group Chat', 'd71d3978-1a6b-483e-a453-30952df2dfcd', 'trip_group') ON CONFLICT DO NOTHING;
INSERT INTO public.conversations ("id", "trip_id", "is_group", "created_at", "updated_at", "user1_id", "user2_id", "metadata", "name", "created_by", "conversation_type") VALUES ('4fd4c987-8b8e-4297-bb27-1a2a46475192', NULL, 'f', '2025-08-26 03:33:18.332239+00', '2025-08-26 03:33:18.332239+00', '34742663-4fc6-4970-a97a-117c420e6795', 'd71d3978-1a6b-483e-a453-30952df2dfcd', '{}', NULL, NULL, 'direct') ON CONFLICT DO NOTHING;
INSERT INTO public.conversations ("id", "trip_id", "is_group", "created_at", "updated_at", "user1_id", "user2_id", "metadata", "name", "created_by", "conversation_type") VALUES ('639725c9-1966-49ad-8532-1054c1ba87ae', NULL, 'f', '2025-08-26 03:33:18.359652+00', '2025-08-26 03:33:18.359652+00', '34742663-4fc6-4970-a97a-117c420e6795', 'd71d3978-1a6b-483e-a453-30952df2dfcd', '{}', NULL, NULL, 'direct') ON CONFLICT DO NOTHING;
INSERT INTO public.conversations ("id", "trip_id", "is_group", "created_at", "updated_at", "user1_id", "user2_id", "metadata", "name", "created_by", "conversation_type") VALUES ('c38e0bac-4a64-4c4a-883a-377e167b27ee', NULL, 'f', '2025-11-09 03:46:27.583802+00', '2025-11-09 03:46:27.583802+00', 'd71d3978-1a6b-483e-a453-30952df2dfcd', 'db7a4835-5477-4697-b082-e75d2e455065', '{}', NULL, NULL, 'direct') ON CONFLICT DO NOTHING;
INSERT INTO public.conversations ("id", "trip_id", "is_group", "created_at", "updated_at", "user1_id", "user2_id", "metadata", "name", "created_by", "conversation_type") VALUES ('f5ae2a86-ffb3-4898-9dfc-e2b77f4a666b', 'bdc854f1-c7e7-41e5-803e-296350e696ff', 't', '2025-11-18 02:18:35.847957+00', '2025-11-18 02:18:35.847957+00', NULL, NULL, '{"type": "trip_group", "trip_id": "bdc854f1-c7e7-41e5-803e-296350e696ff", "trip_type": "community"}', '3 Days 2 Nights – Ho Chi Minh City - Group Chat', 'd71d3978-1a6b-483e-a453-30952df2dfcd', 'trip_group') ON CONFLICT DO NOTHING;
INSERT INTO public.conversations ("id", "trip_id", "is_group", "created_at", "updated_at", "user1_id", "user2_id", "metadata", "name", "created_by", "conversation_type") VALUES ('abeae58a-0434-49b4-a8cc-ac22e6d6ffb7', NULL, 'f', '2026-01-17 07:53:20.730059+00', '2026-01-17 07:53:20.730059+00', 'b99b10f4-1b30-450a-88a2-a5b3478d5a05', 'd71d3978-1a6b-483e-a453-30952df2dfcd', '{}', NULL, NULL, 'direct') ON CONFLICT DO NOTHING;
INSERT INTO public.conversations ("id", "trip_id", "is_group", "created_at", "updated_at", "user1_id", "user2_id", "metadata", "name", "created_by", "conversation_type") VALUES ('6f4eed16-e722-4f9c-b9c6-532ce3f226e1', NULL, 'f', '2026-02-09 03:45:04.515813+00', '2026-02-09 03:45:04.515813+00', 'c2ffaa04-969d-48d0-8229-50a61f69c96a', 'd71d3978-1a6b-483e-a453-30952df2dfcd', '{}', NULL, NULL, 'direct') ON CONFLICT DO NOTHING;


-- Pre-check counts for trip_members
SELECT count(*) as trip_members_before FROM public.trip_members WHERE user_id = 'd71d3978-1a6b-483e-a453-30952df2dfcd';
-- Pre-check counts for conversation_participants
SELECT count(*) as conversation_participants_before FROM public.conversation_participants WHERE user_id = 'd71d3978-1a6b-483e-a453-30952df2dfcd';
-- Pre-check counts for group_messages
SELECT count(*) as group_messages_before FROM public.group_messages WHERE user_id = 'd71d3978-1a6b-483e-a453-30952df2dfcd';
-- Pre-check counts for direct_messages
SELECT count(*) as direct_messages_before FROM public.direct_messages WHERE sender_id = 'd71d3978-1a6b-483e-a453-30952df2dfcd';
-- Pre-check counts for messages
SELECT count(*) as messages_before FROM public.messages WHERE sender_id = 'd71d3978-1a6b-483e-a453-30952df2dfcd';
-- Pre-check counts for join_requests
SELECT count(*) as join_requests_before FROM public.join_requests WHERE user_id = 'd71d3978-1a6b-483e-a453-30952df2dfcd';
-- Pre-check counts for trip_feedback
SELECT count(*) as trip_feedback_before FROM public.trip_feedback WHERE user_id = 'd71d3978-1a6b-483e-a453-30952df2dfcd';

-- Inserting 10 rows into trip_members
INSERT INTO public.trip_members ("id", "trip_id", "user_id", "role", "joined_at", "is_admin", "left_at") VALUES ('5b06a79d-a243-44eb-856d-2603597de727', 'e392434e-d285-45ac-a8e2-9c8798ab1def', 'd71d3978-1a6b-483e-a453-30952df2dfcd', 'member', '2025-08-31 15:01:58.882014+00', 'f', NULL) ON CONFLICT DO NOTHING;
INSERT INTO public.trip_members ("id", "trip_id", "user_id", "role", "joined_at", "is_admin", "left_at") VALUES ('9caa4d3d-b491-481b-8aea-760e4fe157eb', 'c5a8ee45-1bff-4378-bc56-52eb819eb0df', 'd71d3978-1a6b-483e-a453-30952df2dfcd', 'organizer', '2025-09-03 06:44:00.585768+00', 'f', NULL) ON CONFLICT DO NOTHING;
INSERT INTO public.trip_members ("id", "trip_id", "user_id", "role", "joined_at", "is_admin", "left_at") VALUES ('7ed9bba8-362f-462e-a552-9aa0904890c5', '5a128743-d9ce-4ba2-a70a-bf86d4b7aa07', 'd71d3978-1a6b-483e-a453-30952df2dfcd', 'organizer', '2025-09-04 04:10:35.797902+00', 'f', NULL) ON CONFLICT DO NOTHING;
INSERT INTO public.trip_members ("id", "trip_id", "user_id", "role", "joined_at", "is_admin", "left_at") VALUES ('cf4c85fd-e91c-4ce7-bf76-f2ad0a9ec81f', '14632b8a-1aae-41fa-afdb-3a7bdf89d2fb', 'd71d3978-1a6b-483e-a453-30952df2dfcd', 'organizer', '2025-08-13 05:45:57.946918+00', 'f', NULL) ON CONFLICT DO NOTHING;
INSERT INTO public.trip_members ("id", "trip_id", "user_id", "role", "joined_at", "is_admin", "left_at") VALUES ('5423c881-99d1-40b8-96a3-6d38630c5fae', '91d8daf3-a147-4cd9-a193-53c15c2b0484', 'd71d3978-1a6b-483e-a453-30952df2dfcd', 'organizer', '2025-09-12 02:02:29.915938+00', 'f', NULL) ON CONFLICT DO NOTHING;
INSERT INTO public.trip_members ("id", "trip_id", "user_id", "role", "joined_at", "is_admin", "left_at") VALUES ('05330625-7fa8-4414-94f2-585aa5f3b6c9', '87b67da1-a1f2-4cec-b906-312152ac2411', 'd71d3978-1a6b-483e-a453-30952df2dfcd', 'organizer', '2025-09-23 10:12:59.987802+00', 'f', NULL) ON CONFLICT DO NOTHING;
INSERT INTO public.trip_members ("id", "trip_id", "user_id", "role", "joined_at", "is_admin", "left_at") VALUES ('0945c036-8c2f-461b-ad9a-6d9c8e6df5ef', '6ad4d73c-55dc-4bb1-a9c5-1b61f8b2247f', 'd71d3978-1a6b-483e-a453-30952df2dfcd', 'member', '2025-09-25 05:03:03.2699+00', 'f', NULL) ON CONFLICT DO NOTHING;
INSERT INTO public.trip_members ("id", "trip_id", "user_id", "role", "joined_at", "is_admin", "left_at") VALUES ('fce1647e-dd25-4704-a81c-5f85e2fe3664', 'bdaf6b85-c21c-4912-ae17-fb4e80fb394f', 'd71d3978-1a6b-483e-a453-30952df2dfcd', 'member', '2025-10-02 15:35:17.051232+00', 'f', NULL) ON CONFLICT DO NOTHING;
INSERT INTO public.trip_members ("id", "trip_id", "user_id", "role", "joined_at", "is_admin", "left_at") VALUES ('88ccda77-deb1-4824-aa5b-84b95b10d118', 'bdc854f1-c7e7-41e5-803e-296350e696ff', 'd71d3978-1a6b-483e-a453-30952df2dfcd', 'organizer', '2025-11-18 02:10:41.306142+00', 'f', NULL) ON CONFLICT DO NOTHING;
INSERT INTO public.trip_members ("id", "trip_id", "user_id", "role", "joined_at", "is_admin", "left_at") VALUES ('ecbe857c-7e77-4817-b256-e5414ae079e2', 'cf983bef-64c2-47d0-a205-107442fb909d', 'd71d3978-1a6b-483e-a453-30952df2dfcd', 'organizer', '2025-11-23 14:35:29.548123+00', 'f', NULL) ON CONFLICT DO NOTHING;

-- Inserting 26 rows into conversation_participants
INSERT INTO public.conversation_participants ("id", "conversation_id", "user_id", "last_read_at", "is_admin", "created_at") VALUES ('e4cf5fb8-8a39-45de-99a2-53a4730fd97f', '1fe17aff-1eeb-4743-a8fa-53be6a5d52f6', 'd71d3978-1a6b-483e-a453-30952df2dfcd', NULL, 'f', '2025-08-31 15:01:58.882014+00') ON CONFLICT DO NOTHING;
INSERT INTO public.conversation_participants ("id", "conversation_id", "user_id", "last_read_at", "is_admin", "created_at") VALUES ('1034b5d8-da9e-440d-9d8a-414a432f17c2', 'c80d57fc-f0d2-4bbe-8d83-4c4937d131e4', 'd71d3978-1a6b-483e-a453-30952df2dfcd', '2025-09-03 10:29:35.560756+00', 'f', '2025-09-03 10:07:19.250244+00') ON CONFLICT DO NOTHING;
INSERT INTO public.conversation_participants ("id", "conversation_id", "user_id", "last_read_at", "is_admin", "created_at") VALUES ('732f72dc-5e07-4b79-b9e5-345423ead4f7', 'abeae58a-0434-49b4-a8cc-ac22e6d6ffb7', 'd71d3978-1a6b-483e-a453-30952df2dfcd', '2026-01-17 07:53:21.237301+00', 'f', '2026-01-17 07:53:20.843131+00') ON CONFLICT DO NOTHING;
INSERT INTO public.conversation_participants ("id", "conversation_id", "user_id", "last_read_at", "is_admin", "created_at") VALUES ('67647b39-fe65-46f6-a887-27c80dd82b42', '021147c6-8723-4f98-afb2-58b2987cf3c8', 'd71d3978-1a6b-483e-a453-30952df2dfcd', '2025-09-07 08:34:45.352881+00', 'f', '2025-08-11 12:34:16.220336+00') ON CONFLICT DO NOTHING;
INSERT INTO public.conversation_participants ("id", "conversation_id", "user_id", "last_read_at", "is_admin", "created_at") VALUES ('3cd4ec7b-85b1-4cdb-aba1-383ea715d2e7', '6beabde7-8646-4c21-80a9-7247b9b13443', 'd71d3978-1a6b-483e-a453-30952df2dfcd', NULL, 'f', '2025-09-23 10:25:06.01788+00') ON CONFLICT DO NOTHING;
INSERT INTO public.conversation_participants ("id", "conversation_id", "user_id", "last_read_at", "is_admin", "created_at") VALUES ('d6f26dd0-9019-4a55-99ed-a5487ca28cc8', '7f5cdaeb-13cb-4d69-aa2b-a684d2cc5217', 'd71d3978-1a6b-483e-a453-30952df2dfcd', NULL, 'f', '2025-09-12 02:03:32.920453+00') ON CONFLICT DO NOTHING;
INSERT INTO public.conversation_participants ("id", "conversation_id", "user_id", "last_read_at", "is_admin", "created_at") VALUES ('d972b10b-cf09-4577-8df2-7918a4ae31cf', '2e836405-b9c5-47f3-beee-c73ec9de9c8d', 'd71d3978-1a6b-483e-a453-30952df2dfcd', NULL, 'f', '2025-12-11 19:03:15.389368+00') ON CONFLICT DO NOTHING;
INSERT INTO public.conversation_participants ("id", "conversation_id", "user_id", "last_read_at", "is_admin", "created_at") VALUES ('1b224c6e-f062-4194-b5cf-3c599322c049', 'c38e0bac-4a64-4c4a-883a-377e167b27ee', 'd71d3978-1a6b-483e-a453-30952df2dfcd', NULL, 'f', '2025-11-09 03:46:27.678877+00') ON CONFLICT DO NOTHING;
INSERT INTO public.conversation_participants ("id", "conversation_id", "user_id", "last_read_at", "is_admin", "created_at") VALUES ('09601516-6857-494b-ad8d-02b4c4820569', 'e798ce30-6edf-4088-afee-47d6fd949129', 'd71d3978-1a6b-483e-a453-30952df2dfcd', '2025-12-11 15:30:43.455974+00', 'f', '2025-12-04 01:47:10.28052+00') ON CONFLICT DO NOTHING;
INSERT INTO public.conversation_participants ("id", "conversation_id", "user_id", "last_read_at", "is_admin", "created_at") VALUES ('97aa3dd4-bfff-4d63-bfb6-674690e881ca', '7da818b0-1da7-44f8-9428-056c2a3b02c1', 'd71d3978-1a6b-483e-a453-30952df2dfcd', '2025-12-15 02:16:54.684626+00', 'f', '2025-08-11 11:26:07.552672+00') ON CONFLICT DO NOTHING;
INSERT INTO public.conversation_participants ("id", "conversation_id", "user_id", "last_read_at", "is_admin", "created_at") VALUES ('0c59eedb-1448-43f1-8932-08b014871a6c', '6f4eed16-e722-4f9c-b9c6-532ce3f226e1', 'd71d3978-1a6b-483e-a453-30952df2dfcd', NULL, 'f', '2026-02-09 03:45:04.656765+00') ON CONFLICT DO NOTHING;
INSERT INTO public.conversation_participants ("id", "conversation_id", "user_id", "last_read_at", "is_admin", "created_at") VALUES ('c58cc20c-bafc-446a-b61f-2094815ff4ef', 'f37c68b0-2efb-45b8-bfcd-f814a8b8786f', 'd71d3978-1a6b-483e-a453-30952df2dfcd', '2025-08-18 06:20:30.753749+00', 'f', '2025-08-11 12:44:20.630368+00') ON CONFLICT DO NOTHING;
INSERT INTO public.conversation_participants ("id", "conversation_id", "user_id", "last_read_at", "is_admin", "created_at") VALUES ('2ca64a09-aa45-41a6-9413-e2edbf9cf6b5', 'f768ac15-cbb1-4833-b94b-c93bdc9fc12b', 'd71d3978-1a6b-483e-a453-30952df2dfcd', '2025-10-14 07:17:23.011439+00', 'f', '2025-10-02 15:35:17.051232+00') ON CONFLICT DO NOTHING;
INSERT INTO public.conversation_participants ("id", "conversation_id", "user_id", "last_read_at", "is_admin", "created_at") VALUES ('a8c43cfc-35b2-49c5-b91a-9621a95e75c6', '6ee574d6-e8be-4ab3-a891-0a5dbe39e495', 'd71d3978-1a6b-483e-a453-30952df2dfcd', '2025-12-19 02:24:11.933492+00', 'f', '2025-08-16 02:09:40.605661+00') ON CONFLICT DO NOTHING;
INSERT INTO public.conversation_participants ("id", "conversation_id", "user_id", "last_read_at", "is_admin", "created_at") VALUES ('1857ffa9-2b1a-41f9-a60a-536ddedb65a6', 'f5ae2a86-ffb3-4898-9dfc-e2b77f4a666b', 'd71d3978-1a6b-483e-a453-30952df2dfcd', '2026-01-02 08:30:02.661229+00', 'f', '2025-11-18 02:18:35.847957+00') ON CONFLICT DO NOTHING;
INSERT INTO public.conversation_participants ("id", "conversation_id", "user_id", "last_read_at", "is_admin", "created_at") VALUES ('7c63219b-ee48-40b9-a529-a1bdca3ceb16', '867eed43-c423-403f-88ce-22a02d36b522', 'd71d3978-1a6b-483e-a453-30952df2dfcd', '2025-12-19 14:02:12.762204+00', 'f', '2025-08-17 04:01:12.906065+00') ON CONFLICT DO NOTHING;
INSERT INTO public.conversation_participants ("id", "conversation_id", "user_id", "last_read_at", "is_admin", "created_at") VALUES ('d732e20c-c6b6-4574-ba46-a73e3571a80a', '4fd4c987-8b8e-4297-bb27-1a2a46475192', 'd71d3978-1a6b-483e-a453-30952df2dfcd', '2025-12-17 06:09:35.376778+00', 'f', '2025-08-26 03:33:18.393175+00') ON CONFLICT DO NOTHING;
INSERT INTO public.conversation_participants ("id", "conversation_id", "user_id", "last_read_at", "is_admin", "created_at") VALUES ('9b7e9c7c-28f7-4454-8909-35798aea0625', '01eab889-21e1-4a7d-82b0-9551d9a350c8', 'd71d3978-1a6b-483e-a453-30952df2dfcd', '2025-09-03 07:05:59.384626+00', 'f', '2025-08-26 03:32:35.739532+00') ON CONFLICT DO NOTHING;
INSERT INTO public.conversation_participants ("id", "conversation_id", "user_id", "last_read_at", "is_admin", "created_at") VALUES ('4b1d8067-69e5-4cc3-8ce9-521c847c1dd6', '9d5637df-98e3-44f3-926b-125cf6afe015', 'd71d3978-1a6b-483e-a453-30952df2dfcd', NULL, 'f', '2025-09-25 05:03:03.2699+00') ON CONFLICT DO NOTHING;
INSERT INTO public.conversation_participants ("id", "conversation_id", "user_id", "last_read_at", "is_admin", "created_at") VALUES ('39b44991-b1ba-4297-961d-b72869b596e3', '639725c9-1966-49ad-8532-1054c1ba87ae', 'd71d3978-1a6b-483e-a453-30952df2dfcd', '2025-08-26 13:48:19.470953+00', 'f', '2025-08-26 03:33:18.418194+00') ON CONFLICT DO NOTHING;
INSERT INTO public.conversation_participants ("id", "conversation_id", "user_id", "last_read_at", "is_admin", "created_at") VALUES ('04fdf4f5-f70e-4065-a8d3-c6aaed6750b8', '4f8aa1a5-00b8-4253-a70d-91558e67d470', 'd71d3978-1a6b-483e-a453-30952df2dfcd', '2025-08-26 13:48:20.12033+00', 'f', '2025-08-26 03:32:49.11798+00') ON CONFLICT DO NOTHING;
INSERT INTO public.conversation_participants ("id", "conversation_id", "user_id", "last_read_at", "is_admin", "created_at") VALUES ('19823949-4949-4b10-ac0c-c8f505af2d63', '1b97c2c4-4fef-4849-a47e-0fe7a7fa6cc8', 'd71d3978-1a6b-483e-a453-30952df2dfcd', '2025-12-04 15:25:27.113645+00', 'f', '2025-09-04 04:20:52.197404+00') ON CONFLICT DO NOTHING;
INSERT INTO public.conversation_participants ("id", "conversation_id", "user_id", "last_read_at", "is_admin", "created_at") VALUES ('44a36c5b-c5a1-4fef-b3d0-0057c790ba20', 'aebc0292-a954-467f-b55e-b92d73b3a581', 'd71d3978-1a6b-483e-a453-30952df2dfcd', '2026-01-02 08:29:55.497168+00', 'f', '2025-11-23 14:49:08.265103+00') ON CONFLICT DO NOTHING;
INSERT INTO public.conversation_participants ("id", "conversation_id", "user_id", "last_read_at", "is_admin", "created_at") VALUES ('ac778ede-a0b6-48a3-b156-43662a5769eb', '64aada4e-c2a1-43e7-ac8c-4c99f211446e', 'd71d3978-1a6b-483e-a453-30952df2dfcd', '2025-12-10 16:12:24.644163+00', 'f', '2025-11-09 03:48:17.117142+00') ON CONFLICT DO NOTHING;
INSERT INTO public.conversation_participants ("id", "conversation_id", "user_id", "last_read_at", "is_admin", "created_at") VALUES ('d7bb0bcd-43fd-4643-9350-78d8b34fb931', '62cc559d-716d-413e-87e4-2e1568a39469', 'd71d3978-1a6b-483e-a453-30952df2dfcd', '2025-12-10 16:12:39.78513+00', 'f', '2025-09-03 06:52:44.069576+00') ON CONFLICT DO NOTHING;
INSERT INTO public.conversation_participants ("id", "conversation_id", "user_id", "last_read_at", "is_admin", "created_at") VALUES ('2c3f5f8e-cad3-4c73-aa8c-463410ffc384', '2df9fd59-855e-4729-89fb-1786bb388a8b', 'd71d3978-1a6b-483e-a453-30952df2dfcd', '2025-12-10 16:13:04.575895+00', 'f', '2025-08-27 13:33:44.544923+00') ON CONFLICT DO NOTHING;

-- No data found for group_messages

-- No data found for direct_messages

-- Inserting 29 rows into messages
INSERT INTO public.messages ("id", "conversation_id", "sender_id", "content", "attachments", "is_edited", "edited_at", "created_at") VALUES ('3fe9ca87-0235-4d33-8771-7f39f00b8f26', '867eed43-c423-403f-88ce-22a02d36b522', 'd71d3978-1a6b-483e-a453-30952df2dfcd', 'parathai - paid', '[]', 'f', NULL, '2025-09-04 05:50:18.679588+00') ON CONFLICT DO NOTHING;
INSERT INTO public.messages ("id", "conversation_id", "sender_id", "content", "attachments", "is_edited", "edited_at", "created_at") VALUES ('5a1f8e68-6dd7-4dad-b9e4-561cf0aaaf34', '7da818b0-1da7-44f8-9428-056c2a3b02c1', 'd71d3978-1a6b-483e-a453-30952df2dfcd', 'test', '[]', 'f', NULL, '2025-08-11 13:01:34.525825+00') ON CONFLICT DO NOTHING;
INSERT INTO public.messages ("id", "conversation_id", "sender_id", "content", "attachments", "is_edited", "edited_at", "created_at") VALUES ('4ce7302b-ae96-4c8f-ab11-f4e34c859fae', '021147c6-8723-4f98-afb2-58b2987cf3c8', 'd71d3978-1a6b-483e-a453-30952df2dfcd', 'hello', '[]', 'f', NULL, '2025-08-11 13:01:45.961628+00') ON CONFLICT DO NOTHING;
INSERT INTO public.messages ("id", "conversation_id", "sender_id", "content", "attachments", "is_edited", "edited_at", "created_at") VALUES ('4dea8561-4090-4912-a919-ad45cf42b553', '7da818b0-1da7-44f8-9428-056c2a3b02c1', 'd71d3978-1a6b-483e-a453-30952df2dfcd', 'Test', '[]', 'f', NULL, '2025-08-11 16:10:45.896903+00') ON CONFLICT DO NOTHING;
INSERT INTO public.messages ("id", "conversation_id", "sender_id", "content", "attachments", "is_edited", "edited_at", "created_at") VALUES ('059095b0-0d07-4f49-8df5-89235b353245', '7da818b0-1da7-44f8-9428-056c2a3b02c1', 'd71d3978-1a6b-483e-a453-30952df2dfcd', 'working perfectly fine', '[]', 'f', NULL, '2025-08-12 02:28:33.81159+00') ON CONFLICT DO NOTHING;
INSERT INTO public.messages ("id", "conversation_id", "sender_id", "content", "attachments", "is_edited", "edited_at", "created_at") VALUES ('cf0966b8-89a1-4a66-8574-fd106f261e6f', '021147c6-8723-4f98-afb2-58b2987cf3c8', 'd71d3978-1a6b-483e-a453-30952df2dfcd', 'mana empty blank', '[]', 'f', NULL, '2025-08-13 10:17:03.964421+00') ON CONFLICT DO NOTHING;
INSERT INTO public.messages ("id", "conversation_id", "sender_id", "content", "attachments", "is_edited", "edited_at", "created_at") VALUES ('03e2fc05-5ec2-49d4-9f52-1cc813d49355', '6ee574d6-e8be-4ab3-a891-0a5dbe39e495', 'd71d3978-1a6b-483e-a453-30952df2dfcd', 'yes', '[]', 'f', NULL, '2025-08-16 02:27:56.192005+00') ON CONFLICT DO NOTHING;
INSERT INTO public.messages ("id", "conversation_id", "sender_id", "content", "attachments", "is_edited", "edited_at", "created_at") VALUES ('676669b6-0d4e-4e56-8c59-300c796e37c1', '6ee574d6-e8be-4ab3-a891-0a5dbe39e495', 'd71d3978-1a6b-483e-a453-30952df2dfcd', 'inilah nasib', '[]', 'f', NULL, '2025-08-16 02:28:04.345499+00') ON CONFLICT DO NOTHING;
INSERT INTO public.messages ("id", "conversation_id", "sender_id", "content", "attachments", "is_edited", "edited_at", "created_at") VALUES ('bfd7f010-38fd-4dd6-8fbb-754ffff86bdf', '6ee574d6-e8be-4ab3-a891-0a5dbe39e495', 'd71d3978-1a6b-483e-a453-30952df2dfcd', 'diriku yang malang', '[]', 'f', NULL, '2025-08-16 02:28:13.490897+00') ON CONFLICT DO NOTHING;
INSERT INTO public.messages ("id", "conversation_id", "sender_id", "content", "attachments", "is_edited", "edited_at", "created_at") VALUES ('081b790a-c815-4837-ab08-2816feace03d', '6ee574d6-e8be-4ab3-a891-0a5dbe39e495', 'd71d3978-1a6b-483e-a453-30952df2dfcd', 'ooooooo', '[]', 'f', NULL, '2025-08-16 02:28:19.346917+00') ON CONFLICT DO NOTHING;
INSERT INTO public.messages ("id", "conversation_id", "sender_id", "content", "attachments", "is_edited", "edited_at", "created_at") VALUES ('014398e6-51a5-4c6d-90dd-cdb390550ed0', '867eed43-c423-403f-88ce-22a02d36b522', 'd71d3978-1a6b-483e-a453-30952df2dfcd', 'Hi are guys available to meet up on 31 August 2025 at 10.30 am?', '[]', 'f', NULL, '2025-08-18 05:27:57.158781+00') ON CONFLICT DO NOTHING;
INSERT INTO public.messages ("id", "conversation_id", "sender_id", "content", "attachments", "is_edited", "edited_at", "created_at") VALUES ('b9f9b86a-510f-4763-906f-cc372f0aab2d', '867eed43-c423-403f-88ce-22a02d36b522', 'd71d3978-1a6b-483e-a453-30952df2dfcd', 'The location is at monet in the city at Ampang Park', '[]', 'f', NULL, '2025-08-18 05:28:15.814364+00') ON CONFLICT DO NOTHING;
INSERT INTO public.messages ("id", "conversation_id", "sender_id", "content", "attachments", "is_edited", "edited_at", "created_at") VALUES ('6a379faa-a180-479d-a63b-9a374123bc48', '867eed43-c423-403f-88ce-22a02d36b522', 'd71d3978-1a6b-483e-a453-30952df2dfcd', 'Everyone’s in the Ktravelan trip, I pinned our meet-up “31 Aug, 10:30 AM, Monet in the City (Ampang Park).', '[]', 'f', NULL, '2025-08-18 05:45:17.958622+00') ON CONFLICT DO NOTHING;
INSERT INTO public.messages ("id", "conversation_id", "sender_id", "content", "attachments", "is_edited", "edited_at", "created_at") VALUES ('eab2d98d-77df-472e-b6a2-57e41a6e7014', '867eed43-c423-403f-88ce-22a02d36b522', 'd71d3978-1a6b-483e-a453-30952df2dfcd', 'Everyone’s in the Ktravelan trip, our meet-up 31 Aug, 10:30 AM, Monet in the City (Ampang Park).', '[]', 'f', NULL, '2025-08-18 05:45:42.088748+00') ON CONFLICT DO NOTHING;
INSERT INTO public.messages ("id", "conversation_id", "sender_id", "content", "attachments", "is_edited", "edited_at", "created_at") VALUES ('80efd1b0-fb1e-454c-84fe-69cf90130911', 'abeae58a-0434-49b4-a8cc-ac22e6d6ffb7', 'd71d3978-1a6b-483e-a453-30952df2dfcd', 'Hi thank you for you interest to join but the trip is actually already on going', '[]', 'f', NULL, '2026-01-17 07:54:00.27729+00') ON CONFLICT DO NOTHING;
INSERT INTO public.messages ("id", "conversation_id", "sender_id", "content", "attachments", "is_edited", "edited_at", "created_at") VALUES ('4dc69ebf-fe77-4c30-ab71-7e6bbde256b3', '021147c6-8723-4f98-afb2-58b2987cf3c8', 'd71d3978-1a6b-483e-a453-30952df2dfcd', 'when the magic in summer', '[]', 'f', NULL, '2025-08-20 15:20:33.433405+00') ON CONFLICT DO NOTHING;
INSERT INTO public.messages ("id", "conversation_id", "sender_id", "content", "attachments", "is_edited", "edited_at", "created_at") VALUES ('09b80180-0209-4914-9b7d-4eec197506af', '021147c6-8723-4f98-afb2-58b2987cf3c8', 'd71d3978-1a6b-483e-a453-30952df2dfcd', 'power', '[]', 'f', NULL, '2025-08-20 15:37:15.279066+00') ON CONFLICT DO NOTHING;
INSERT INTO public.messages ("id", "conversation_id", "sender_id", "content", "attachments", "is_edited", "edited_at", "created_at") VALUES ('f14ed645-546c-453e-a986-207a84b1e3be', '021147c6-8723-4f98-afb2-58b2987cf3c8', 'd71d3978-1a6b-483e-a453-30952df2dfcd', 'tell me why', '[]', 'f', NULL, '2025-08-22 03:39:52.728993+00') ON CONFLICT DO NOTHING;
INSERT INTO public.messages ("id", "conversation_id", "sender_id", "content", "attachments", "is_edited", "edited_at", "created_at") VALUES ('d8a700ba-2874-4de0-b306-bfb8bab259cb', '021147c6-8723-4f98-afb2-58b2987cf3c8', 'd71d3978-1a6b-483e-a453-30952df2dfcd', 'aint nothing but heartache', '[]', 'f', NULL, '2025-08-22 03:40:02.584944+00') ON CONFLICT DO NOTHING;
INSERT INTO public.messages ("id", "conversation_id", "sender_id", "content", "attachments", "is_edited", "edited_at", "created_at") VALUES ('8c20aa74-4de7-4fd4-a9bc-1967dcddcbff', '021147c6-8723-4f98-afb2-58b2987cf3c8', 'd71d3978-1a6b-483e-a453-30952df2dfcd', 'ooooo telll me why', '[]', 'f', NULL, '2025-08-22 03:40:11.966172+00') ON CONFLICT DO NOTHING;
INSERT INTO public.messages ("id", "conversation_id", "sender_id", "content", "attachments", "is_edited", "edited_at", "created_at") VALUES ('c079fd08-f76c-4c23-ae8a-03a8c6601b15', '021147c6-8723-4f98-afb2-58b2987cf3c8', 'd71d3978-1a6b-483e-a453-30952df2dfcd', 'aint nothing but a mistake', '[]', 'f', NULL, '2025-08-22 03:40:59.158646+00') ON CONFLICT DO NOTHING;
INSERT INTO public.messages ("id", "conversation_id", "sender_id", "content", "attachments", "is_edited", "edited_at", "created_at") VALUES ('f4d6c6bb-dbc7-4579-bd9c-826d51a27f26', '021147c6-8723-4f98-afb2-58b2987cf3c8', 'd71d3978-1a6b-483e-a453-30952df2dfcd', 'i never wanna heear you say', '[]', 'f', NULL, '2025-08-22 03:41:17.251374+00') ON CONFLICT DO NOTHING;
INSERT INTO public.messages ("id", "conversation_id", "sender_id", "content", "attachments", "is_edited", "edited_at", "created_at") VALUES ('5fa2936b-3fba-4f6d-bde6-767fa01642fc', '867eed43-c423-403f-88ce-22a02d36b522', 'd71d3978-1a6b-483e-a453-30952df2dfcd', 'When i was a young boy', '[]', 'f', NULL, '2025-08-23 06:17:19.14132+00') ON CONFLICT DO NOTHING;
INSERT INTO public.messages ("id", "conversation_id", "sender_id", "content", "attachments", "is_edited", "edited_at", "created_at") VALUES ('70372390-32e1-47d1-b42a-37b1c9cf8bfb', '2df9fd59-855e-4729-89fb-1786bb388a8b', 'd71d3978-1a6b-483e-a453-30952df2dfcd', 'Mantap', '[]', 'f', NULL, '2025-08-27 13:52:24.150883+00') ON CONFLICT DO NOTHING;
INSERT INTO public.messages ("id", "conversation_id", "sender_id", "content", "attachments", "is_edited", "edited_at", "created_at") VALUES ('9ab68fa1-6a6e-454f-85b3-43c901283dfe', '01eab889-21e1-4a7d-82b0-9551d9a350c8', 'd71d3978-1a6b-483e-a453-30952df2dfcd', 'hi', '[]', 'f', NULL, '2025-09-03 07:06:05.687681+00') ON CONFLICT DO NOTHING;
INSERT INTO public.messages ("id", "conversation_id", "sender_id", "content", "attachments", "is_edited", "edited_at", "created_at") VALUES ('a0d9a155-9bba-4d0f-8a07-0a1887952cf1', '021147c6-8723-4f98-afb2-58b2987cf3c8', 'd71d3978-1a6b-483e-a453-30952df2dfcd', 'Testis', '[]', 'f', NULL, '2025-08-26 13:47:43.147369+00') ON CONFLICT DO NOTHING;
INSERT INTO public.messages ("id", "conversation_id", "sender_id", "content", "attachments", "is_edited", "edited_at", "created_at") VALUES ('38c8a5f1-bbfc-4ba7-b710-e061e43bede6', '867eed43-c423-403f-88ce-22a02d36b522', 'd71d3978-1a6b-483e-a453-30952df2dfcd', 'Ilek', '[]', 'f', NULL, '2025-08-26 15:50:24.251745+00') ON CONFLICT DO NOTHING;
INSERT INTO public.messages ("id", "conversation_id", "sender_id", "content", "attachments", "is_edited", "edited_at", "created_at") VALUES ('823fb841-150c-4bf8-be5b-8506b01dcaf8', 'f5ae2a86-ffb3-4898-9dfc-e2b77f4a666b', 'd71d3978-1a6b-483e-a453-30952df2dfcd', 'Hey please pay me asap', '[]', 'f', NULL, '2025-11-19 13:01:39.418632+00') ON CONFLICT DO NOTHING;
INSERT INTO public.messages ("id", "conversation_id", "sender_id", "content", "attachments", "is_edited", "edited_at", "created_at") VALUES ('afa80584-6b6d-4cde-9f64-ed984d3f23fd', 'abeae58a-0434-49b4-a8cc-ac22e6d6ffb7', 'd71d3978-1a6b-483e-a453-30952df2dfcd', 'Would you be interest to join the next trip?', '[]', 'f', NULL, '2026-01-17 07:54:44.120352+00') ON CONFLICT DO NOTHING;

-- Inserting 3 rows into join_requests
INSERT INTO public.join_requests ("id", "trip_id", "user_id", "status", "message", "reviewed_by", "reviewed_at", "created_at", "updated_at") VALUES ('ecc1bec7-5284-4645-a696-e319444e94fd', 'e392434e-d285-45ac-a8e2-9c8798ab1def', 'd71d3978-1a6b-483e-a453-30952df2dfcd', 'approved', 'I''d love to join this trip!', 'db48a526-9418-4ffb-b539-ac59d9ca4adf', '2025-08-31 15:01:58.493+00', '2025-08-31 14:49:32.544321+00', '2025-08-31 15:01:58.7162+00') ON CONFLICT DO NOTHING;
INSERT INTO public.join_requests ("id", "trip_id", "user_id", "status", "message", "reviewed_by", "reviewed_at", "created_at", "updated_at") VALUES ('516384aa-3c57-4aa3-89f6-19af80ad775f', '6ad4d73c-55dc-4bb1-a9c5-1b61f8b2247f', 'd71d3978-1a6b-483e-a453-30952df2dfcd', 'approved', 'I''d love to join this trip!', '888578f3-5d1e-442f-b82f-16df7de70965', '2025-09-25 05:03:02.957+00', '2025-09-23 13:35:18.399553+00', '2025-09-25 05:03:03.025607+00') ON CONFLICT DO NOTHING;
INSERT INTO public.join_requests ("id", "trip_id", "user_id", "status", "message", "reviewed_by", "reviewed_at", "created_at", "updated_at") VALUES ('0cc883bd-40ec-410c-9f43-55a387b1f9a0', 'bdaf6b85-c21c-4912-ae17-fb4e80fb394f', 'd71d3978-1a6b-483e-a453-30952df2dfcd', 'approved', 'I''d love to join this trip!', '888578f3-5d1e-442f-b82f-16df7de70965', '2025-10-02 15:35:16.7+00', '2025-10-02 15:34:24.042398+00', '2025-10-02 15:35:16.812185+00') ON CONFLICT DO NOTHING;

-- Inserting 2 rows into trip_feedback
INSERT INTO public.trip_feedback ("id", "trip_id", "user_id", "rating", "feedback", "highlights", "improvements", "would_recommend", "created_at", "updated_at") VALUES ('3e583087-b96f-42f4-8c85-d371e5f875c8', 'c5a8ee45-1bff-4378-bc56-52eb819eb0df', 'd71d3978-1a6b-483e-a453-30952df2dfcd', '5', '', '{}', '{}', 't', '2025-09-11 15:32:50.845339+00', '2025-09-11 15:32:46.646+00') ON CONFLICT DO NOTHING;
INSERT INTO public.trip_feedback ("id", "trip_id", "user_id", "rating", "feedback", "highlights", "improvements", "would_recommend", "created_at", "updated_at") VALUES ('637cb848-eb47-4bfb-95fe-1be390259f19', 'bdc854f1-c7e7-41e5-803e-296350e696ff', 'd71d3978-1a6b-483e-a453-30952df2dfcd', '5', '', '{}', '{}', 't', '2025-11-19 13:10:58.380427+00', '2025-11-19 13:10:58.327+00') ON CONFLICT DO NOTHING;

-- Post-check counts for trip_members
SELECT count(*) as trip_members_after FROM public.trip_members WHERE user_id = 'd71d3978-1a6b-483e-a453-30952df2dfcd';
-- Post-check counts for conversation_participants
SELECT count(*) as conversation_participants_after FROM public.conversation_participants WHERE user_id = 'd71d3978-1a6b-483e-a453-30952df2dfcd';
-- Post-check counts for group_messages
SELECT count(*) as group_messages_after FROM public.group_messages WHERE user_id = 'd71d3978-1a6b-483e-a453-30952df2dfcd';
-- Post-check counts for direct_messages
SELECT count(*) as direct_messages_after FROM public.direct_messages WHERE sender_id = 'd71d3978-1a6b-483e-a453-30952df2dfcd';
-- Post-check counts for messages
SELECT count(*) as messages_after FROM public.messages WHERE sender_id = 'd71d3978-1a6b-483e-a453-30952df2dfcd';
-- Post-check counts for join_requests
SELECT count(*) as join_requests_after FROM public.join_requests WHERE user_id = 'd71d3978-1a6b-483e-a453-30952df2dfcd';
-- Post-check counts for trip_feedback
SELECT count(*) as trip_feedback_after FROM public.trip_feedback WHERE user_id = 'd71d3978-1a6b-483e-a453-30952df2dfcd';

COMMIT;
